"year","schoolID","school","Category","School","District","State","total","category_abrv"
2012,"02740075","Healey","American Indian or Alaska Native",0,0.1,0.2,0,"AIAN"
2012,"02740075","Healey","Asian",5.5,9.2,5.7,2893,"Asian"
2012,"02740075","Healey","Black or African American",14.8,13,8.3,7785,"Black"
2012,"02740075","Healey","Hispanic or Latino",37.5,38.7,16.1,19725,"Latinx"
2012,"02740075","Healey","Multi-Race, Not Hispanic or Latino",1.5,1.5,2.5,789,"Multi-Race"
2012,"02740075","Healey","Native Hawaiian or Other Pacific Islander",0,0.1,0.1,0,"NHPI"
2012,"02740075","Healey","White",40.7,37.5,67,21408,"White"
2012,"02740087","Argenziano","American Indian or Alaska Native",0,0.1,0.2,0,"AIAN"
2012,"02740087","Argenziano","Asian",13.2,9.2,5.7,7326,"Asian"
2012,"02740087","Argenziano","Black or African American",9.2,13,8.3,5106,"Black"
2012,"02740087","Argenziano","Hispanic or Latino",44.9,38.7,16.1,24920,"Latinx"
2012,"02740087","Argenziano","Multi-Race, Not Hispanic or Latino",1.4,1.5,2.5,777,"Multi-Race"
2012,"02740087","Argenziano","Native Hawaiian or Other Pacific Islander",0,0.1,0.1,0,"NHPI"
2012,"02740087","Argenziano","White",31.4,37.5,67,17427,"White"
2012,"02740015","Brown","American Indian or Alaska Native",0,0.1,0.2,0,"AIAN"
2012,"02740015","Brown","Asian",12.9,9.2,5.7,3586,"Asian"
2012,"02740015","Brown","Black or African American",3.6,13,8.3,1001,"Black"
2012,"02740015","Brown","Hispanic or Latino",11.9,38.7,16.1,3308,"Latinx"
2012,"02740015","Brown","Multi-Race, Not Hispanic or Latino",5.4,1.5,2.5,1501,"Multi-Race"
2012,"02740015","Brown","Native Hawaiian or Other Pacific Islander",0,0.1,0.1,0,"NHPI"
2012,"02740015","Brown","White",66.2,37.5,67,18404,"White"
2012,"02740083","Kennedy","American Indian or Alaska Native",0,0.1,0.2,0,"AIAN"
2012,"02740083","Kennedy","Asian",8.8,9.2,5.7,3916,"Asian"
2012,"02740083","Kennedy","Black or African American",13.5,13,8.3,6008,"Black"
2012,"02740083","Kennedy","Hispanic or Latino",20.7,38.7,16.1,9212,"Latinx"
2012,"02740083","Kennedy","Multi-Race, Not Hispanic or Latino",1.3,1.5,2.5,578,"Multi-Race"
2012,"02740083","Kennedy","Native Hawaiian or Other Pacific Islander",0,0.1,0.1,0,"NHPI"
2012,"02740083","Kennedy","White",55.7,37.5,67,24786,"White"
2012,"02740111","EastSomerville","American Indian or Alaska Native",0,0.1,0.2,0,"AIAN"
2012,"02740111","EastSomerville","Asian",2.6,9.2,5.7,1310,"Asian"
2012,"02740111","EastSomerville","Black or African American",6.7,13,8.3,3377,"Black"
2012,"02740111","EastSomerville","Hispanic or Latino",72.4,38.7,16.1,36490,"Latinx"
2012,"02740111","EastSomerville","Multi-Race, Not Hispanic or Latino",1.2,1.5,2.5,605,"Multi-Race"
2012,"02740111","EastSomerville","Native Hawaiian or Other Pacific Islander",0.2,0.1,0.1,101,"NHPI"
2012,"02740111","EastSomerville","White",16.9,37.5,67,8518,"White"
2012,"02740115","WestSomerville","American Indian or Alaska Native",0,0.1,0.2,0,"AIAN"
2012,"02740115","WestSomerville","Asian",10.6,9.2,5.7,3509,"Asian"
2012,"02740115","WestSomerville","Black or African American",15.7,13,8.3,5197,"Black"
2012,"02740115","WestSomerville","Hispanic or Latino",18.7,38.7,16.1,6190,"Latinx"
2012,"02740115","WestSomerville","Multi-Race, Not Hispanic or Latino",2.7,1.5,2.5,894,"Multi-Race"
2012,"02740115","WestSomerville","Native Hawaiian or Other Pacific Islander",0,0.1,0.1,0,"NHPI"
2012,"02740115","WestSomerville","White",52.3,37.5,67,17311,"White"
2012,"02740120","WinterHill","American Indian or Alaska Native",0.3,0.1,0.2,118,"AIAN"
2012,"02740120","WinterHill","Asian",10.9,9.2,5.7,4306,"Asian"
2012,"02740120","WinterHill","Black or African American",23.8,13,8.3,9401,"Black"
2012,"02740120","WinterHill","Hispanic or Latino",37.5,38.7,16.1,14812,"Latinx"
2012,"02740120","WinterHill","Multi-Race, Not Hispanic or Latino",1.3,1.5,2.5,514,"Multi-Race"
2012,"02740120","WinterHill","Native Hawaiian or Other Pacific Islander",0,0.1,0.1,0,"NHPI"
2012,"02740120","WinterHill","White",26.3,37.5,67,10388,"White"
2013,"02740075","Healey","American Indian or Alaska Native",0,0.1,0.2,0,"AIAN"
2013,"02740075","Healey","Asian",6.7,9.1,5.9,3578,"Asian"
2013,"02740075","Healey","Black or African American",14.6,12.2,8.6,7796,"Black"
2013,"02740075","Healey","Hispanic or Latino",40.1,40.1,16.4,21413,"Latinx"
2013,"02740075","Healey","Multi-Race, Not Hispanic or Latino",1.5,1.8,2.7,801,"Multi-Race"
2013,"02740075","Healey","Native Hawaiian or Other Pacific Islander",0,0.1,0.1,0,"NHPI"
2013,"02740075","Healey","White",37.1,36.7,66,19811,"White"
2013,"02740087","Argenziano","American Indian or Alaska Native",0,0.1,0.2,0,"AIAN"
2013,"02740087","Argenziano","Asian",12.3,9.1,5.9,6986,"Asian"
2013,"02740087","Argenziano","Black or African American",6.9,12.2,8.6,3919,"Black"
2013,"02740087","Argenziano","Hispanic or Latino",44.2,40.1,16.4,25106,"Latinx"
2013,"02740087","Argenziano","Multi-Race, Not Hispanic or Latino",2.3,1.8,2.7,1306,"Multi-Race"
2013,"02740087","Argenziano","Native Hawaiian or Other Pacific Islander",0,0.1,0.1,0,"NHPI"
2013,"02740087","Argenziano","White",34.3,36.7,66,19482,"White"
2013,"02740015","Brown","American Indian or Alaska Native",0,0.1,0.2,0,"AIAN"
2013,"02740015","Brown","Asian",12.5,9.1,5.9,3588,"Asian"
2013,"02740015","Brown","Black or African American",2.4,12.2,8.6,689,"Black"
2013,"02740015","Brown","Hispanic or Latino",12.2,40.1,16.4,3501,"Latinx"
2013,"02740015","Brown","Multi-Race, Not Hispanic or Latino",5.6,1.8,2.7,1607,"Multi-Race"
2013,"02740015","Brown","Native Hawaiian or Other Pacific Islander",0,0.1,0.1,0,"NHPI"
2013,"02740015","Brown","White",67.2,36.7,66,19286,"White"
2013,"02740083","Kennedy","American Indian or Alaska Native",0,0.1,0.2,0,"AIAN"
2013,"02740083","Kennedy","Asian",9.8,9.1,5.9,4390,"Asian"
2013,"02740083","Kennedy","Black or African American",14.1,12.2,8.6,6317,"Black"
2013,"02740083","Kennedy","Hispanic or Latino",19.6,40.1,16.4,8781,"Latinx"
2013,"02740083","Kennedy","Multi-Race, Not Hispanic or Latino",1.8,1.8,2.7,806,"Multi-Race"
2013,"02740083","Kennedy","Native Hawaiian or Other Pacific Islander",0,0.1,0.1,0,"NHPI"
2013,"02740083","Kennedy","White",54.7,36.7,66,24506,"White"
2013,"02740111","EastSomerville","American Indian or Alaska Native",0,0.1,0.2,0,"AIAN"
2013,"02740111","EastSomerville","Asian",2,9.1,5.9,1012,"Asian"
2013,"02740111","EastSomerville","Black or African American",5.7,12.2,8.6,2884,"Black"
2013,"02740111","EastSomerville","Hispanic or Latino",74.3,40.1,16.4,37596,"Latinx"
2013,"02740111","EastSomerville","Multi-Race, Not Hispanic or Latino",1.4,1.8,2.7,708,"Multi-Race"
2013,"02740111","EastSomerville","Native Hawaiian or Other Pacific Islander",0.2,0.1,0.1,101,"NHPI"
2013,"02740111","EastSomerville","White",16.4,36.7,66,8298,"White"
2013,"02740115","WestSomerville","American Indian or Alaska Native",0,0.1,0.2,0,"AIAN"
2013,"02740115","WestSomerville","Asian",8.2,9.1,5.9,3018,"Asian"
2013,"02740115","WestSomerville","Black or African American",16.8,12.2,8.6,6182,"Black"
2013,"02740115","WestSomerville","Hispanic or Latino",22.3,40.1,16.4,8206,"Latinx"
2013,"02740115","WestSomerville","Multi-Race, Not Hispanic or Latino",2.4,1.8,2.7,883,"Multi-Race"
2013,"02740115","WestSomerville","Native Hawaiian or Other Pacific Islander",0,0.1,0.1,0,"NHPI"
2013,"02740115","WestSomerville","White",50.3,36.7,66,18510,"White"
2013,"02740120","WinterHill","American Indian or Alaska Native",0,0.1,0.2,0,"AIAN"
2013,"02740120","WinterHill","Asian",9.6,9.1,5.9,4013,"Asian"
2013,"02740120","WinterHill","Black or African American",18.7,12.2,8.6,7817,"Black"
2013,"02740120","WinterHill","Hispanic or Latino",45,40.1,16.4,18810,"Latinx"
2013,"02740120","WinterHill","Multi-Race, Not Hispanic or Latino",1,1.8,2.7,418,"Multi-Race"
2013,"02740120","WinterHill","Native Hawaiian or Other Pacific Islander",0,0.1,0.1,0,"NHPI"
2013,"02740120","WinterHill","White",25.8,36.7,66,10784,"White"
2014,"02740075","Healey","American Indian or Alaska Native",0,0.1,0.2,0,"AIAN"
2014,"02740075","Healey","Asian",6.8,9,6.1,3380,"Asian"
2014,"02740075","Healey","Black or African American",12.9,11.4,8.7,6411,"Black"
2014,"02740075","Healey","Hispanic or Latino",42.3,41.1,17,21023,"Latinx"
2014,"02740075","Healey","Multi-Race, Not Hispanic or Latino",2.2,2.2,2.9,1093,"Multi-Race"
2014,"02740075","Healey","Native Hawaiian or Other Pacific Islander",0,0.1,0.1,0,"NHPI"
2014,"02740075","Healey","White",35.8,36.2,64.9,17793,"White"
2014,"02740087","Argenziano","American Indian or Alaska Native",0.2,0.1,0.2,117,"AIAN"
2014,"02740087","Argenziano","Asian",11.4,9,6.1,6680,"Asian"
2014,"02740087","Argenziano","Black or African American",6.1,11.4,8.7,3575,"Black"
2014,"02740087","Argenziano","Hispanic or Latino",45.2,41.1,17,26487,"Latinx"
2014,"02740087","Argenziano","Multi-Race, Not Hispanic or Latino",2.7,2.2,2.9,1582,"Multi-Race"
2014,"02740087","Argenziano","Native Hawaiian or Other Pacific Islander",0,0.1,0.1,0,"NHPI"
2014,"02740087","Argenziano","White",34.3,36.2,64.9,20100,"White"
2014,"02740015","Brown","American Indian or Alaska Native",0,0.1,0.2,0,"AIAN"
2014,"02740015","Brown","Asian",7.7,9,6.1,2194,"Asian"
2014,"02740015","Brown","Black or African American",1.8,11.4,8.7,513,"Black"
2014,"02740015","Brown","Hispanic or Latino",12.6,41.1,17,3591,"Latinx"
2014,"02740015","Brown","Multi-Race, Not Hispanic or Latino",7.4,2.2,2.9,2109,"Multi-Race"
2014,"02740015","Brown","Native Hawaiian or Other Pacific Islander",0,0.1,0.1,0,"NHPI"
2014,"02740015","Brown","White",70.5,36.2,64.9,20092,"White"
2014,"02740083","Kennedy","American Indian or Alaska Native",0,0.1,0.2,0,"AIAN"
2014,"02740083","Kennedy","Asian",8.9,9,6.1,4014,"Asian"
2014,"02740083","Kennedy","Black or African American",14,11.4,8.7,6314,"Black"
2014,"02740083","Kennedy","Hispanic or Latino",22.2,41.1,17,10012,"Latinx"
2014,"02740083","Kennedy","Multi-Race, Not Hispanic or Latino",2.9,2.2,2.9,1308,"Multi-Race"
2014,"02740083","Kennedy","Native Hawaiian or Other Pacific Islander",0,0.1,0.1,0,"NHPI"
2014,"02740083","Kennedy","White",52.1,36.2,64.9,23497,"White"
2014,"02740111","EastSomerville","American Indian or Alaska Native",0,0.1,0.2,0,"AIAN"
2014,"02740111","EastSomerville","Asian",3.1,9,6.1,2000,"Asian"
2014,"02740111","EastSomerville","Black or African American",6,11.4,8.7,3870,"Black"
2014,"02740111","EastSomerville","Hispanic or Latino",73,41.1,17,47085,"Latinx"
2014,"02740111","EastSomerville","Multi-Race, Not Hispanic or Latino",0.8,2.2,2.9,516,"Multi-Race"
2014,"02740111","EastSomerville","Native Hawaiian or Other Pacific Islander",0.2,0.1,0.1,129,"NHPI"
2014,"02740111","EastSomerville","White",16.9,36.2,64.9,10900,"White"
2014,"02740115","WestSomerville","American Indian or Alaska Native",0,0.1,0.2,0,"AIAN"
2014,"02740115","WestSomerville","Asian",8.2,9,6.1,3009,"Asian"
2014,"02740115","WestSomerville","Black or African American",17.4,11.4,8.7,6386,"Black"
2014,"02740115","WestSomerville","Hispanic or Latino",18.5,41.1,17,6790,"Latinx"
2014,"02740115","WestSomerville","Multi-Race, Not Hispanic or Latino",3,2.2,2.9,1101,"Multi-Race"
2014,"02740115","WestSomerville","Native Hawaiian or Other Pacific Islander",0,0.1,0.1,0,"NHPI"
2014,"02740115","WestSomerville","White",52.9,36.2,64.9,19414,"White"
2014,"02740120","WinterHill","American Indian or Alaska Native",0,0.1,0.2,0,"AIAN"
2014,"02740120","WinterHill","Asian",13.2,9,6.1,5214,"Asian"
2014,"02740120","WinterHill","Black or African American",14.2,11.4,8.7,5609,"Black"
2014,"02740120","WinterHill","Hispanic or Latino",45.1,41.1,17,17814,"Latinx"
2014,"02740120","WinterHill","Multi-Race, Not Hispanic or Latino",1,2.2,2.9,395,"Multi-Race"
2014,"02740120","WinterHill","Native Hawaiian or Other Pacific Islander",0,0.1,0.1,0,"NHPI"
2014,"02740120","WinterHill","White",26.6,36.2,64.9,10507,"White"
2015,"02740075","Healey","American Indian or Alaska Native",0,0,0.2,0,"AIAN"
2015,"02740075","Healey","Asian",5.7,8.5,6.3,3015,"Asian"
2015,"02740075","Healey","Black or African American",14.2,10.7,8.7,7512,"Black"
2015,"02740075","Healey","Hispanic or Latino",45.2,42.3,17.9,23911,"Latinx"
2015,"02740075","Healey","Multi-Race, Not Hispanic or Latino",3.4,2.4,3.1,1799,"Multi-Race"
2015,"02740075","Healey","Native Hawaiian or Other Pacific Islander",0,0,0.1,0,"NHPI"
2015,"02740075","Healey","White",31.6,36,63.7,16716,"White"
2015,"02740087","Argenziano","American Indian or Alaska Native",0,0,0.2,0,"AIAN"
2015,"02740087","Argenziano","Asian",10.9,8.5,6.3,6202,"Asian"
2015,"02740087","Argenziano","Black or African American",5.8,10.7,8.7,3300,"Black"
2015,"02740087","Argenziano","Hispanic or Latino",43.4,42.3,17.9,24695,"Latinx"
2015,"02740087","Argenziano","Multi-Race, Not Hispanic or Latino",3,2.4,3.1,1707,"Multi-Race"
2015,"02740087","Argenziano","Native Hawaiian or Other Pacific Islander",0,0,0.1,0,"NHPI"
2015,"02740087","Argenziano","White",36.9,36,63.7,20996,"White"
2015,"02740015","Brown","American Indian or Alaska Native",0,0,0.2,0,"AIAN"
2015,"02740015","Brown","Asian",8.4,8.5,6.3,2411,"Asian"
2015,"02740015","Brown","Black or African American",1.7,10.7,8.7,488,"Black"
2015,"02740015","Brown","Hispanic or Latino",12.5,42.3,17.9,3588,"Latinx"
2015,"02740015","Brown","Multi-Race, Not Hispanic or Latino",5.9,2.4,3.1,1693,"Multi-Race"
2015,"02740015","Brown","Native Hawaiian or Other Pacific Islander",0,0,0.1,0,"NHPI"
2015,"02740015","Brown","White",71.4,36,63.7,20492,"White"
2015,"02740083","Kennedy","American Indian or Alaska Native",0.2,0,0.2,88,"AIAN"
2015,"02740083","Kennedy","Asian",7.5,8.5,6.3,3292,"Asian"
2015,"02740083","Kennedy","Black or African American",12.5,10.7,8.7,5488,"Black"
2015,"02740083","Kennedy","Hispanic or Latino",20.7,42.3,17.9,9087,"Latinx"
2015,"02740083","Kennedy","Multi-Race, Not Hispanic or Latino",4.8,2.4,3.1,2107,"Multi-Race"
2015,"02740083","Kennedy","Native Hawaiian or Other Pacific Islander",0,0,0.1,0,"NHPI"
2015,"02740083","Kennedy","White",54.2,36,63.7,23794,"White"
2015,"02740111","EastSomerville","American Indian or Alaska Native",0,0,0.2,0,"AIAN"
2015,"02740111","EastSomerville","Asian",2.7,8.5,6.3,1804,"Asian"
2015,"02740111","EastSomerville","Black or African American",5.5,10.7,8.7,3674,"Black"
2015,"02740111","EastSomerville","Hispanic or Latino",72.9,42.3,17.9,48697,"Latinx"
2015,"02740111","EastSomerville","Multi-Race, Not Hispanic or Latino",1,2.4,3.1,668,"Multi-Race"
2015,"02740111","EastSomerville","Native Hawaiian or Other Pacific Islander",0.1,0,0.1,67,"NHPI"
2015,"02740111","EastSomerville","White",17.7,36,63.7,11824,"White"
2015,"02740115","WestSomerville","American Indian or Alaska Native",0,0,0.2,0,"AIAN"
2015,"02740115","WestSomerville","Asian",6.8,8.5,6.3,2516,"Asian"
2015,"02740115","WestSomerville","Black or African American",15.1,10.7,8.7,5587,"Black"
2015,"02740115","WestSomerville","Hispanic or Latino",19.7,42.3,17.9,7289,"Latinx"
2015,"02740115","WestSomerville","Multi-Race, Not Hispanic or Latino",3.2,2.4,3.1,1184,"Multi-Race"
2015,"02740115","WestSomerville","Native Hawaiian or Other Pacific Islander",0,0,0.1,0,"NHPI"
2015,"02740115","WestSomerville","White",55.1,36,63.7,20387,"White"
2015,"02740120","WinterHill","American Indian or Alaska Native",0,0,0.2,0,"AIAN"
2015,"02740120","WinterHill","Asian",13.5,8.5,6.3,6021,"Asian"
2015,"02740120","WinterHill","Black or African American",12.6,10.7,8.7,5620,"Black"
2015,"02740120","WinterHill","Hispanic or Latino",48.7,42.3,17.9,21720,"Latinx"
2015,"02740120","WinterHill","Multi-Race, Not Hispanic or Latino",0.7,2.4,3.1,312,"Multi-Race"
2015,"02740120","WinterHill","Native Hawaiian or Other Pacific Islander",0,0,0.1,0,"NHPI"
2015,"02740120","WinterHill","White",24.7,36,63.7,11016,"White"
2016,"02740075","Healey","American Indian or Alaska Native",0,0,0.2,0,"AIAN"
2016,"02740075","Healey","Asian",6.5,7.8,6.5,3081,"Asian"
2016,"02740075","Healey","Black or African American",13.5,10.3,8.8,6399,"Black"
2016,"02740075","Healey","Hispanic or Latino",47.7,42.8,18.6,22610,"Latinx"
2016,"02740075","Healey","Multi-Race, Not Hispanic or Latino",3.8,2.8,3.2,1801,"Multi-Race"
2016,"02740075","Healey","Native Hawaiian or Other Pacific Islander",0,0,0.1,0,"NHPI"
2016,"02740075","Healey","White",28.5,36.3,62.7,13509,"White"
2016,"02740087","Argenziano","American Indian or Alaska Native",0,0,0.2,0,"AIAN"
2016,"02740087","Argenziano","Asian",11,7.8,6.5,6391,"Asian"
2016,"02740087","Argenziano","Black or African American",5.2,10.3,8.8,3021,"Black"
2016,"02740087","Argenziano","Hispanic or Latino",43,42.8,18.6,24983,"Latinx"
2016,"02740087","Argenziano","Multi-Race, Not Hispanic or Latino",2.9,2.8,3.2,1685,"Multi-Race"
2016,"02740087","Argenziano","Native Hawaiian or Other Pacific Islander",0,0,0.1,0,"NHPI"
2016,"02740087","Argenziano","White",37.9,36.3,62.7,22020,"White"
2016,"02740015","Brown","American Indian or Alaska Native",0,0,0.2,0,"AIAN"
2016,"02740015","Brown","Asian",8.2,7.8,6.5,2206,"Asian"
2016,"02740015","Brown","Black or African American",1.5,10.3,8.8,404,"Black"
2016,"02740015","Brown","Hispanic or Latino",11.9,42.8,18.6,3201,"Latinx"
2016,"02740015","Brown","Multi-Race, Not Hispanic or Latino",8.2,2.8,3.2,2206,"Multi-Race"
2016,"02740015","Brown","Native Hawaiian or Other Pacific Islander",0,0,0.1,0,"NHPI"
2016,"02740015","Brown","White",70.3,36.3,62.7,18911,"White"
2016,"02740083","Kennedy","American Indian or Alaska Native",0,0,0.2,0,"AIAN"
2016,"02740083","Kennedy","Asian",6.3,7.8,6.5,2804,"Asian"
2016,"02740083","Kennedy","Black or African American",11.2,10.3,8.8,4984,"Black"
2016,"02740083","Kennedy","Hispanic or Latino",19.6,42.8,18.6,8722,"Latinx"
2016,"02740083","Kennedy","Multi-Race, Not Hispanic or Latino",5.6,2.8,3.2,2492,"Multi-Race"
2016,"02740083","Kennedy","Native Hawaiian or Other Pacific Islander",0,0,0.1,0,"NHPI"
2016,"02740083","Kennedy","White",57.3,36.3,62.7,25498,"White"
2016,"02740111","EastSomerville","American Indian or Alaska Native",0,0,0.2,0,"AIAN"
2016,"02740111","EastSomerville","Asian",2.6,7.8,6.5,1820,"Asian"
2016,"02740111","EastSomerville","Black or African American",5.3,10.3,8.8,3710,"Black"
2016,"02740111","EastSomerville","Hispanic or Latino",72.1,42.8,18.6,50470,"Latinx"
2016,"02740111","EastSomerville","Multi-Race, Not Hispanic or Latino",1.1,2.8,3.2,770,"Multi-Race"
2016,"02740111","EastSomerville","Native Hawaiian or Other Pacific Islander",0.1,0,0.1,70,"NHPI"
2016,"02740111","EastSomerville","White",18.7,36.3,62.7,13090,"White"
2016,"02740115","WestSomerville","American Indian or Alaska Native",0,0,0.2,0,"AIAN"
2016,"02740115","WestSomerville","Asian",3.9,7.8,6.5,1400,"Asian"
2016,"02740115","WestSomerville","Black or African American",14.2,10.3,8.8,5098,"Black"
2016,"02740115","WestSomerville","Hispanic or Latino",19.5,42.8,18.6,7000,"Latinx"
2016,"02740115","WestSomerville","Multi-Race, Not Hispanic or Latino",4.2,2.8,3.2,1508,"Multi-Race"
2016,"02740115","WestSomerville","Native Hawaiian or Other Pacific Islander",0,0,0.1,0,"NHPI"
2016,"02740115","WestSomerville","White",58.2,36.3,62.7,20894,"White"
2016,"02740120","WinterHill","American Indian or Alaska Native",0,0,0.2,0,"AIAN"
2016,"02740120","WinterHill","Asian",11,7.8,6.5,4708,"Asian"
2016,"02740120","WinterHill","Black or African American",13.3,10.3,8.8,5692,"Black"
2016,"02740120","WinterHill","Hispanic or Latino",51.2,42.8,18.6,21914,"Latinx"
2016,"02740120","WinterHill","Multi-Race, Not Hispanic or Latino",1.4,2.8,3.2,599,"Multi-Race"
2016,"02740120","WinterHill","Native Hawaiian or Other Pacific Islander",0,0,0.1,0,"NHPI"
2016,"02740120","WinterHill","White",23.1,36.3,62.7,9887,"White"
2017,"02740075","Healey","American Indian or Alaska Native",0,0,0.2,0,"AIAN"
2017,"02740075","Healey","Asian",6.8,7.4,6.7,2910,"Asian"
2017,"02740075","Healey","Black or African American",13.8,9.9,8.9,5906,"Black"
2017,"02740075","Healey","Hispanic or Latino",48.4,43,19.4,20715,"Latinx"
2017,"02740075","Healey","Multi-Race, Not Hispanic or Latino",3,3.2,3.4,1284,"Multi-Race"
2017,"02740075","Healey","Native Hawaiian or Other Pacific Islander",0,0,0.1,0,"NHPI"
2017,"02740075","Healey","White",28,36.5,61.3,11984,"White"
2017,"02740087","Argenziano","American Indian or Alaska Native",0,0,0.2,0,"AIAN"
2017,"02740087","Argenziano","Asian",10.3,7.4,6.7,5809,"Asian"
2017,"02740087","Argenziano","Black or African American",5.7,9.9,8.9,3215,"Black"
2017,"02740087","Argenziano","Hispanic or Latino",39.4,43,19.4,22222,"Latinx"
2017,"02740087","Argenziano","Multi-Race, Not Hispanic or Latino",3.7,3.2,3.4,2087,"Multi-Race"
2017,"02740087","Argenziano","Native Hawaiian or Other Pacific Islander",0,0,0.1,0,"NHPI"
2017,"02740087","Argenziano","White",41,36.5,61.3,23124,"White"
2017,"02740015","Brown","American Indian or Alaska Native",0.4,0,0.2,94,"AIAN"
2017,"02740015","Brown","Asian",9.7,7.4,6.7,2289,"Asian"
2017,"02740015","Brown","Black or African American",0,9.9,8.9,0,"Black"
2017,"02740015","Brown","Hispanic or Latino",8.5,43,19.4,2006,"Latinx"
2017,"02740015","Brown","Multi-Race, Not Hispanic or Latino",9.3,3.2,3.4,2195,"Multi-Race"
2017,"02740015","Brown","Native Hawaiian or Other Pacific Islander",0,0,0.1,0,"NHPI"
2017,"02740015","Brown","White",72,36.5,61.3,16992,"White"
2017,"02740083","Kennedy","American Indian or Alaska Native",0,0,0.2,0,"AIAN"
2017,"02740083","Kennedy","Asian",5.5,7.4,6.7,2590,"Asian"
2017,"02740083","Kennedy","Black or African American",10.2,9.9,8.9,4804,"Black"
2017,"02740083","Kennedy","Hispanic or Latino",17.4,43,19.4,8195,"Latinx"
2017,"02740083","Kennedy","Multi-Race, Not Hispanic or Latino",5.3,3.2,3.4,2496,"Multi-Race"
2017,"02740083","Kennedy","Native Hawaiian or Other Pacific Islander",0,0,0.1,0,"NHPI"
2017,"02740083","Kennedy","White",61.6,36.5,61.3,29014,"White"
2017,"02740111","EastSomerville","American Indian or Alaska Native",0,0,0.2,0,"AIAN"
2017,"02740111","EastSomerville","Asian",3.2,7.4,6.7,2320,"Asian"
2017,"02740111","EastSomerville","Black or African American",4.4,9.9,8.9,3190,"Black"
2017,"02740111","EastSomerville","Hispanic or Latino",71.3,43,19.4,51692,"Latinx"
2017,"02740111","EastSomerville","Multi-Race, Not Hispanic or Latino",2.3,3.2,3.4,1667,"Multi-Race"
2017,"02740111","EastSomerville","Native Hawaiian or Other Pacific Islander",0.1,0,0.1,72,"NHPI"
2017,"02740111","EastSomerville","White",18.6,36.5,61.3,13485,"White"
2017,"02740115","WestSomerville","American Indian or Alaska Native",0,0,0.2,0,"AIAN"
2017,"02740115","WestSomerville","Asian",4,7.4,6.7,1508,"Asian"
2017,"02740115","WestSomerville","Black or African American",13.8,9.9,8.9,5203,"Black"
2017,"02740115","WestSomerville","Hispanic or Latino",20.7,43,19.4,7804,"Latinx"
2017,"02740115","WestSomerville","Multi-Race, Not Hispanic or Latino",5.8,3.2,3.4,2187,"Multi-Race"
2017,"02740115","WestSomerville","Native Hawaiian or Other Pacific Islander",0,0,0.1,0,"NHPI"
2017,"02740115","WestSomerville","White",55.7,36.5,61.3,20999,"White"
2017,"02740120","WinterHill","American Indian or Alaska Native",0,0,0.2,0,"AIAN"
2017,"02740120","WinterHill","Asian",8.2,7.4,6.7,3788,"Asian"
2017,"02740120","WinterHill","Black or African American",12.6,9.9,8.9,5821,"Black"
2017,"02740120","WinterHill","Hispanic or Latino",53.5,43,19.4,24717,"Latinx"
2017,"02740120","WinterHill","Multi-Race, Not Hispanic or Latino",2.8,3.2,3.4,1294,"Multi-Race"
2017,"02740120","WinterHill","Native Hawaiian or Other Pacific Islander",0,0,0.1,0,"NHPI"
2017,"02740120","WinterHill","White",22.9,36.5,61.3,10580,"White"
2018,"02740075","Healey","American Indian or Alaska Native",0,0.1,0.2,0,"AIAN"
2018,"02740075","Healey","Asian",7.3,7.1,6.9,3292,"Asian"
2018,"02740075","Healey","Black or African American",14,10,9,6314,"Black"
2018,"02740075","Healey","Hispanic or Latino",44.3,42.1,20,19979,"Latinx"
2018,"02740075","Healey","Multi-Race, Not Hispanic or Latino",3.3,3.9,3.6,1488,"Multi-Race"
2018,"02740075","Healey","Native Hawaiian or Other Pacific Islander",0,0,0.1,0,"NHPI"
2018,"02740075","Healey","White",31,36.9,60.1,13981,"White"
2018,"02740087","Argenziano","American Indian or Alaska Native",0.3,0.1,0.2,175,"AIAN"
2018,"02740087","Argenziano","Asian",9.1,7.1,6.9,5314,"Asian"
2018,"02740087","Argenziano","Black or African American",5.8,10,9,3387,"Black"
2018,"02740087","Argenziano","Hispanic or Latino",38.4,42.1,20,22426,"Latinx"
2018,"02740087","Argenziano","Multi-Race, Not Hispanic or Latino",3.6,3.9,3.6,2102,"Multi-Race"
2018,"02740087","Argenziano","Native Hawaiian or Other Pacific Islander",0,0,0.1,0,"NHPI"
2018,"02740087","Argenziano","White",42.8,36.9,60.1,24995,"White"
2018,"02740015","Brown","American Indian or Alaska Native",0.4,0.1,0.2,92,"AIAN"
2018,"02740015","Brown","Asian",9.5,7.1,6.9,2194,"Asian"
2018,"02740015","Brown","Black or African American",1.3,10,9,300,"Black"
2018,"02740015","Brown","Hispanic or Latino",7.8,42.1,20,1802,"Latinx"
2018,"02740015","Brown","Multi-Race, Not Hispanic or Latino",9.1,3.9,3.6,2102,"Multi-Race"
2018,"02740015","Brown","Native Hawaiian or Other Pacific Islander",0,0,0.1,0,"NHPI"
2018,"02740015","Brown","White",71.9,36.9,60.1,16609,"White"
2018,"02740083","Kennedy","American Indian or Alaska Native",0,0.1,0.2,0,"AIAN"
2018,"02740083","Kennedy","Asian",5,7.1,6.9,2280,"Asian"
2018,"02740083","Kennedy","Black or African American",9.6,10,9,4378,"Black"
2018,"02740083","Kennedy","Hispanic or Latino",16,42.1,20,7296,"Latinx"
2018,"02740083","Kennedy","Multi-Race, Not Hispanic or Latino",7.2,3.9,3.6,3283,"Multi-Race"
2018,"02740083","Kennedy","Native Hawaiian or Other Pacific Islander",0,0,0.1,0,"NHPI"
2018,"02740083","Kennedy","White",62.1,36.9,60.1,28318,"White"
2018,"02740111","EastSomerville","American Indian or Alaska Native",0,0.1,0.2,0,"AIAN"
2018,"02740111","EastSomerville","Asian",3.6,7.1,6.9,2592,"Asian"
2018,"02740111","EastSomerville","Black or African American",4.3,10,9,3096,"Black"
2018,"02740111","EastSomerville","Hispanic or Latino",71.8,42.1,20,51696,"Latinx"
2018,"02740111","EastSomerville","Multi-Race, Not Hispanic or Latino",2.4,3.9,3.6,1728,"Multi-Race"
2018,"02740111","EastSomerville","Native Hawaiian or Other Pacific Islander",0.1,0,0.1,72,"NHPI"
2018,"02740111","EastSomerville","White",17.8,36.9,60.1,12816,"White"
2018,"02740115","WestSomerville","American Indian or Alaska Native",0,0.1,0.2,0,"AIAN"
2018,"02740115","WestSomerville","Asian",4.6,7.1,6.9,1707,"Asian"
2018,"02740115","WestSomerville","Black or African American",14.6,10,9,5417,"Black"
2018,"02740115","WestSomerville","Hispanic or Latino",19.1,42.1,20,7086,"Latinx"
2018,"02740115","WestSomerville","Multi-Race, Not Hispanic or Latino",6.2,3.9,3.6,2300,"Multi-Race"
2018,"02740115","WestSomerville","Native Hawaiian or Other Pacific Islander",0,0,0.1,0,"NHPI"
2018,"02740115","WestSomerville","White",55.5,36.9,60.1,20590,"White"
2018,"02740120","WinterHill","American Indian or Alaska Native",0,0.1,0.2,0,"AIAN"
2018,"02740120","WinterHill","Asian",8.3,7.1,6.9,3810,"Asian"
2018,"02740120","WinterHill","Black or African American",14.4,10,9,6610,"Black"
2018,"02740120","WinterHill","Hispanic or Latino",50.3,42.1,20,23088,"Latinx"
2018,"02740120","WinterHill","Multi-Race, Not Hispanic or Latino",2.8,3.9,3.6,1285,"Multi-Race"
2018,"02740120","WinterHill","Native Hawaiian or Other Pacific Islander",0,0,0.1,0,"NHPI"
2018,"02740120","WinterHill","White",24.2,36.9,60.1,11108,"White"
2019,"02740075","Healey","American Indian or Alaska Native",0,0.1,0.2,0,"AIAN"
2019,"02740075","Healey","Asian",7.6,6.5,7,3420,"Asian"
2019,"02740075","Healey","Black or African American",16.4,9.9,9.2,7380,"Black"
2019,"02740075","Healey","Hispanic or Latino",44,41.4,20.8,19800,"Latinx"
2019,"02740075","Healey","Multi-Race, Not Hispanic or Latino",4.4,4,3.8,1980,"Multi-Race"
2019,"02740075","Healey","Native Hawaiian or Other Pacific Islander",0.2,0.1,0.1,90,"NHPI"
2019,"02740075","Healey","White",27.3,38.1,59,12285,"White"
2019,"02740087","Argenziano","American Indian or Alaska Native",0.3,0.1,0.2,185,"AIAN"
2019,"02740087","Argenziano","Asian",8.6,6.5,7,5298,"Asian"
2019,"02740087","Argenziano","Black or African American",5.4,9.9,9.2,3326,"Black"
2019,"02740087","Argenziano","Hispanic or Latino",37,41.4,20.8,22792,"Latinx"
2019,"02740087","Argenziano","Multi-Race, Not Hispanic or Latino",3.7,4,3.8,2279,"Multi-Race"
2019,"02740087","Argenziano","Native Hawaiian or Other Pacific Islander",0,0.1,0.1,0,"NHPI"
2019,"02740087","Argenziano","White",45,38.1,59,27720,"White"
2019,"02740015","Brown","American Indian or Alaska Native",0.4,0.1,0.2,92,"AIAN"
2019,"02740015","Brown","Asian",10.9,6.5,7,2496,"Asian"
2019,"02740015","Brown","Black or African American",3.5,9.9,9.2,802,"Black"
2019,"02740015","Brown","Hispanic or Latino",8.7,41.4,20.8,1992,"Latinx"
2019,"02740015","Brown","Multi-Race, Not Hispanic or Latino",9.6,4,3.8,2198,"Multi-Race"
2019,"02740015","Brown","Native Hawaiian or Other Pacific Islander",0.4,0.1,0.1,92,"NHPI"
2019,"02740015","Brown","White",66.4,38.1,59,15206,"White"
2019,"02740083","Kennedy","American Indian or Alaska Native",0,0.1,0.2,0,"AIAN"
2019,"02740083","Kennedy","Asian",4.1,6.5,7,1808,"Asian"
2019,"02740083","Kennedy","Black or African American",8.6,9.9,9.2,3793,"Black"
2019,"02740083","Kennedy","Hispanic or Latino",15,41.4,20.8,6615,"Latinx"
2019,"02740083","Kennedy","Multi-Race, Not Hispanic or Latino",5.7,4,3.8,2514,"Multi-Race"
2019,"02740083","Kennedy","Native Hawaiian or Other Pacific Islander",0.2,0.1,0.1,88,"NHPI"
2019,"02740083","Kennedy","White",66.4,38.1,59,29282,"White"
2019,"02740111","EastSomerville","American Indian or Alaska Native",0,0.1,0.2,0,"AIAN"
2019,"02740111","EastSomerville","Asian",3.9,6.5,7,2804,"Asian"
2019,"02740111","EastSomerville","Black or African American",3.5,9.9,9.2,2516,"Black"
2019,"02740111","EastSomerville","Hispanic or Latino",71.9,41.4,20.8,51696,"Latinx"
2019,"02740111","EastSomerville","Multi-Race, Not Hispanic or Latino",2.1,4,3.8,1510,"Multi-Race"
2019,"02740111","EastSomerville","Native Hawaiian or Other Pacific Islander",0,0.1,0.1,0,"NHPI"
2019,"02740111","EastSomerville","White",18.6,38.1,59,13373,"White"
2019,"02740115","WestSomerville","American Indian or Alaska Native",0,0.1,0.2,0,"AIAN"
2019,"02740115","WestSomerville","Asian",4.6,6.5,7,1702,"Asian"
2019,"02740115","WestSomerville","Black or African American",13,9.9,9.2,4810,"Black"
2019,"02740115","WestSomerville","Hispanic or Latino",16.8,41.4,20.8,6216,"Latinx"
2019,"02740115","WestSomerville","Multi-Race, Not Hispanic or Latino",7.3,4,3.8,2701,"Multi-Race"
2019,"02740115","WestSomerville","Native Hawaiian or Other Pacific Islander",0,0.1,0.1,0,"NHPI"
2019,"02740115","WestSomerville","White",58.4,38.1,59,21608,"White"
2019,"02740120","WinterHill","American Indian or Alaska Native",0,0.1,0.2,0,"AIAN"
2019,"02740120","WinterHill","Asian",5.7,6.5,7,2502,"Asian"
2019,"02740120","WinterHill","Black or African American",15.3,9.9,9.2,6717,"Black"
2019,"02740120","WinterHill","Hispanic or Latino",49.7,41.4,20.8,21818,"Latinx"
2019,"02740120","WinterHill","Multi-Race, Not Hispanic or Latino",2.1,4,3.8,922,"Multi-Race"
2019,"02740120","WinterHill","Native Hawaiian or Other Pacific Islander",0,0.1,0.1,0,"NHPI"
2019,"02740120","WinterHill","White",27.3,38.1,59,11985,"White"
2020,"02740075","Healey","American Indian or Alaska Native",0,0.1,0.2,0,"AIAN"
2020,"02740075","Healey","Asian",6.3,6.4,7.1,2986,"Asian"
2020,"02740075","Healey","Black or African American",15.2,9.4,9.2,7205,"Black"
2020,"02740075","Healey","Hispanic or Latino",47.5,41.7,21.6,22515,"Latinx"
2020,"02740075","Healey","Multi-Race, Not Hispanic or Latino",3.8,3.9,3.9,1801,"Multi-Race"
2020,"02740075","Healey","Native Hawaiian or Other Pacific Islander",0,0.1,0.1,0,"NHPI"
2020,"02740075","Healey","White",27.2,38.4,57.9,12893,"White"
2020,"02740087","Argenziano","American Indian or Alaska Native",0.3,0.1,0.2,188,"AIAN"
2020,"02740087","Argenziano","Asian",8.6,6.4,7.1,5375,"Asian"
2020,"02740087","Argenziano","Black or African American",4.3,9.4,9.2,2688,"Black"
2020,"02740087","Argenziano","Hispanic or Latino",38.2,41.7,21.6,23875,"Latinx"
2020,"02740087","Argenziano","Multi-Race, Not Hispanic or Latino",4.5,3.9,3.9,2812,"Multi-Race"
2020,"02740087","Argenziano","Native Hawaiian or Other Pacific Islander",0,0.1,0.1,0,"NHPI"
2020,"02740087","Argenziano","White",44,38.4,57.9,27500,"White"
2020,"02740015","Brown","American Indian or Alaska Native",0,0.1,0.2,0,"AIAN"
2020,"02740015","Brown","Asian",11.2,6.4,7.1,2789,"Asian"
2020,"02740015","Brown","Black or African American",4.8,9.4,9.2,1195,"Black"
2020,"02740015","Brown","Hispanic or Latino",6.8,41.7,21.6,1693,"Latinx"
2020,"02740015","Brown","Multi-Race, Not Hispanic or Latino",10,3.9,3.9,2490,"Multi-Race"
2020,"02740015","Brown","Native Hawaiian or Other Pacific Islander",0.4,0.1,0.1,100,"NHPI"
2020,"02740015","Brown","White",66.7,38.4,57.9,16608,"White"
2020,"02740083","Kennedy","American Indian or Alaska Native",0,0.1,0.2,0,"AIAN"
2020,"02740083","Kennedy","Asian",4,6.4,7.1,1788,"Asian"
2020,"02740083","Kennedy","Black or African American",6.3,9.4,9.2,2816,"Black"
2020,"02740083","Kennedy","Hispanic or Latino",15.7,41.7,21.6,7018,"Latinx"
2020,"02740083","Kennedy","Multi-Race, Not Hispanic or Latino",5.1,3.9,3.9,2280,"Multi-Race"
2020,"02740083","Kennedy","Native Hawaiian or Other Pacific Islander",0,0.1,0.1,0,"NHPI"
2020,"02740083","Kennedy","White",68.9,38.4,57.9,30798,"White"
2020,"02740111","EastSomerville","American Indian or Alaska Native",0.1,0.1,0.2,73,"AIAN"
2020,"02740111","EastSomerville","Asian",3.7,6.4,7.1,2701,"Asian"
2020,"02740111","EastSomerville","Black or African American",4,9.4,9.2,2920,"Black"
2020,"02740111","EastSomerville","Hispanic or Latino",69.5,41.7,21.6,50735,"Latinx"
2020,"02740111","EastSomerville","Multi-Race, Not Hispanic or Latino",2.1,3.9,3.9,1533,"Multi-Race"
2020,"02740111","EastSomerville","Native Hawaiian or Other Pacific Islander",0.1,0.1,0.1,73,"NHPI"
2020,"02740111","EastSomerville","White",20.5,38.4,57.9,14965,"White"
2020,"02740115","WestSomerville","American Indian or Alaska Native",0,0.1,0.2,0,"AIAN"
2020,"02740115","WestSomerville","Asian",4.3,6.4,7.1,1703,"Asian"
2020,"02740115","WestSomerville","Black or African American",12.4,9.4,9.2,4910,"Black"
2020,"02740115","WestSomerville","Hispanic or Latino",15.7,41.7,21.6,6217,"Latinx"
2020,"02740115","WestSomerville","Multi-Race, Not Hispanic or Latino",8.6,3.9,3.9,3406,"Multi-Race"
2020,"02740115","WestSomerville","Native Hawaiian or Other Pacific Islander",0.3,0.1,0.1,119,"NHPI"
2020,"02740115","WestSomerville","White",58.8,38.4,57.9,23285,"White"
2020,"02740120","WinterHill","American Indian or Alaska Native",0,0.1,0.2,0,"AIAN"
2020,"02740120","WinterHill","Asian",6.6,6.4,7.1,2897,"Asian"
2020,"02740120","WinterHill","Black or African American",12.5,9.4,9.2,5488,"Black"
2020,"02740120","WinterHill","Hispanic or Latino",51.9,41.7,21.6,22784,"Latinx"
2020,"02740120","WinterHill","Multi-Race, Not Hispanic or Latino",1.8,3.9,3.9,790,"Multi-Race"
2020,"02740120","WinterHill","Native Hawaiian or Other Pacific Islander",0,0.1,0.1,0,"NHPI"
2020,"02740120","WinterHill","White",27.1,38.4,57.9,11897,"White"
2021,"02740075","Healey","American Indian or Alaska Native",0,0.1,0.2,0,"AIAN"
2021,"02740075","Healey","Asian",4.5,6.1,7.2,2007,"Asian"
2021,"02740075","Healey","Black or African American",15.5,8.6,9.3,6913,"Black"
2021,"02740075","Healey","Hispanic or Latino",48.2,40.8,22.3,21497,"Latinx"
2021,"02740075","Healey","Multi-Race, Not Hispanic or Latino",4.3,4.6,4.1,1918,"Multi-Race"
2021,"02740075","Healey","Native Hawaiian or Other Pacific Islander",0,0.1,0.1,0,"NHPI"
2021,"02740075","Healey","White",27.6,39.7,56.7,12310,"White"
2021,"02740087","Argenziano","American Indian or Alaska Native",0.3,0.1,0.2,177,"AIAN"
2021,"02740087","Argenziano","Asian",8.1,6.1,7.2,4779,"Asian"
2021,"02740087","Argenziano","Black or African American",4.7,8.6,9.3,2773,"Black"
2021,"02740087","Argenziano","Hispanic or Latino",34.4,40.8,22.3,20296,"Latinx"
2021,"02740087","Argenziano","Multi-Race, Not Hispanic or Latino",4.9,4.6,4.1,2891,"Multi-Race"
2021,"02740087","Argenziano","Native Hawaiian or Other Pacific Islander",0,0.1,0.1,0,"NHPI"
2021,"02740087","Argenziano","White",47.5,39.7,56.7,28025,"White"
2021,"02740015","Brown","American Indian or Alaska Native",0,0.1,0.2,0,"AIAN"
2021,"02740015","Brown","Asian",11.1,6.1,7.2,2498,"Asian"
2021,"02740015","Brown","Black or African American",4.9,8.6,9.3,1102,"Black"
2021,"02740015","Brown","Hispanic or Latino",7.6,40.8,22.3,1710,"Latinx"
2021,"02740015","Brown","Multi-Race, Not Hispanic or Latino",12,4.6,4.1,2700,"Multi-Race"
2021,"02740015","Brown","Native Hawaiian or Other Pacific Islander",0.4,0.1,0.1,90,"NHPI"
2021,"02740015","Brown","White",64,39.7,56.7,14400,"White"
2021,"02740083","Kennedy","American Indian or Alaska Native",0,0.1,0.2,0,"AIAN"
2021,"02740083","Kennedy","Asian",5.3,6.1,7.2,2390,"Asian"
2021,"02740083","Kennedy","Black or African American",4.9,8.6,9.3,2210,"Black"
2021,"02740083","Kennedy","Hispanic or Latino",14.2,40.8,22.3,6404,"Latinx"
2021,"02740083","Kennedy","Multi-Race, Not Hispanic or Latino",6.2,4.6,4.1,2796,"Multi-Race"
2021,"02740083","Kennedy","Native Hawaiian or Other Pacific Islander",0,0.1,0.1,0,"NHPI"
2021,"02740083","Kennedy","White",69.4,39.7,56.7,31299,"White"
2021,"02740111","EastSomerville","American Indian or Alaska Native",0.1,0.1,0.2,72,"AIAN"
2021,"02740111","EastSomerville","Asian",3.8,6.1,7.2,2736,"Asian"
2021,"02740111","EastSomerville","Black or African American",3.5,8.6,9.3,2520,"Black"
2021,"02740111","EastSomerville","Hispanic or Latino",69.9,40.8,22.3,50328,"Latinx"
2021,"02740111","EastSomerville","Multi-Race, Not Hispanic or Latino",2.5,4.6,4.1,1800,"Multi-Race"
2021,"02740111","EastSomerville","Native Hawaiian or Other Pacific Islander",0,0.1,0.1,0,"NHPI"
2021,"02740111","EastSomerville","White",20.3,39.7,56.7,14616,"White"
2021,"02740115","WestSomerville","American Indian or Alaska Native",0,0.1,0.2,0,"AIAN"
2021,"02740115","WestSomerville","Asian",5.8,6.1,7.2,2204,"Asian"
2021,"02740115","WestSomerville","Black or African American",11.8,8.6,9.3,4484,"Black"
2021,"02740115","WestSomerville","Hispanic or Latino",12.9,40.8,22.3,4902,"Latinx"
2021,"02740115","WestSomerville","Multi-Race, Not Hispanic or Latino",11.1,4.6,4.1,4218,"Multi-Race"
2021,"02740115","WestSomerville","Native Hawaiian or Other Pacific Islander",0.3,0.1,0.1,114,"NHPI"
2021,"02740115","WestSomerville","White",58.2,39.7,56.7,22116,"White"
2021,"02740120","WinterHill","American Indian or Alaska Native",0,0.1,0.2,0,"AIAN"
2021,"02740120","WinterHill","Asian",5.6,6.1,7.2,2190,"Asian"
2021,"02740120","WinterHill","Black or African American",11,8.6,9.3,4301,"Black"
2021,"02740120","WinterHill","Hispanic or Latino",51.4,40.8,22.3,20097,"Latinx"
2021,"02740120","WinterHill","Multi-Race, Not Hispanic or Latino",2,4.6,4.1,782,"Multi-Race"
2021,"02740120","WinterHill","Native Hawaiian or Other Pacific Islander",0.5,0.1,0.1,196,"NHPI"
2021,"02740120","WinterHill","White",29.4,39.7,56.7,11495,"White"
2022,"02740075","Healey","American Indian or Alaska Native",0.2,0.1,0.2,91,"AIAN"
2022,"02740075","Healey","Asian",4.4,5.7,7.2,2011,"Asian"
2022,"02740075","Healey","Black or African American",15.8,9.2,9.3,7221,"Black"
2022,"02740075","Healey","Hispanic or Latino",48.6,40.9,23.1,22210,"Latinx"
2022,"02740075","Healey","Multi-Race, Not Hispanic or Latino",3.5,4.6,4.3,1600,"Multi-Race"
2022,"02740075","Healey","Native Hawaiian or Other Pacific Islander",0.2,0.2,0.1,91,"NHPI"
2022,"02740075","Healey","White",27.4,39.2,55.7,12522,"White"
2022,"02740087","Argenziano","American Indian or Alaska Native",0.4,0.1,0.2,218,"AIAN"
2022,"02740087","Argenziano","Asian",8.1,5.7,7.2,4406,"Asian"
2022,"02740087","Argenziano","Black or African American",5.5,9.2,9.3,2992,"Black"
2022,"02740087","Argenziano","Hispanic or Latino",31.3,40.9,23.1,17027,"Latinx"
2022,"02740087","Argenziano","Multi-Race, Not Hispanic or Latino",5.7,4.6,4.3,3101,"Multi-Race"
2022,"02740087","Argenziano","Native Hawaiian or Other Pacific Islander",0.2,0.2,0.1,109,"NHPI"
2022,"02740087","Argenziano","White",48.9,39.2,55.7,26602,"White"
2022,"02740015","Brown","American Indian or Alaska Native",0,0.1,0.2,0,"AIAN"
2022,"02740015","Brown","Asian",12.7,5.7,7.2,2299,"Asian"
2022,"02740015","Brown","Black or African American",6.1,9.2,9.3,1104,"Black"
2022,"02740015","Brown","Hispanic or Latino",7.7,40.9,23.1,1394,"Latinx"
2022,"02740015","Brown","Multi-Race, Not Hispanic or Latino",14.4,4.6,4.3,2606,"Multi-Race"
2022,"02740015","Brown","Native Hawaiian or Other Pacific Islander",0,0.2,0.1,0,"NHPI"
2022,"02740015","Brown","White",59.1,39.2,55.7,10697,"White"
2022,"02740083","Kennedy","American Indian or Alaska Native",0.2,0.1,0.2,87,"AIAN"
2022,"02740083","Kennedy","Asian",5.3,5.7,7.2,2311,"Asian"
2022,"02740083","Kennedy","Black or African American",4.6,9.2,9.3,2006,"Black"
2022,"02740083","Kennedy","Hispanic or Latino",14.7,40.9,23.1,6409,"Latinx"
2022,"02740083","Kennedy","Multi-Race, Not Hispanic or Latino",6.2,4.6,4.3,2703,"Multi-Race"
2022,"02740083","Kennedy","Native Hawaiian or Other Pacific Islander",0,0.2,0.1,0,"NHPI"
2022,"02740083","Kennedy","White",69,39.2,55.7,30084,"White"
2022,"02740111","EastSomerville","American Indian or Alaska Native",0,0.1,0.2,0,"AIAN"
2022,"02740111","EastSomerville","Asian",3.7,5.7,7.2,2579,"Asian"
2022,"02740111","EastSomerville","Black or African American",4.4,9.2,9.3,3067,"Black"
2022,"02740111","EastSomerville","Hispanic or Latino",68.1,40.9,23.1,47466,"Latinx"
2022,"02740111","EastSomerville","Multi-Race, Not Hispanic or Latino",2.4,4.6,4.3,1673,"Multi-Race"
2022,"02740111","EastSomerville","Native Hawaiian or Other Pacific Islander",0.1,0.2,0.1,70,"NHPI"
2022,"02740111","EastSomerville","White",21.1,39.2,55.7,14707,"White"
2022,"02740115","WestSomerville","American Indian or Alaska Native",0,0.1,0.2,0,"AIAN"
2022,"02740115","WestSomerville","Asian",5.7,5.7,7.2,2115,"Asian"
2022,"02740115","WestSomerville","Black or African American",11.3,9.2,9.3,4192,"Black"
2022,"02740115","WestSomerville","Hispanic or Latino",11.6,40.9,23.1,4304,"Latinx"
2022,"02740115","WestSomerville","Multi-Race, Not Hispanic or Latino",11.1,4.6,4.3,4118,"Multi-Race"
2022,"02740115","WestSomerville","Native Hawaiian or Other Pacific Islander",0.5,0.2,0.1,186,"NHPI"
2022,"02740115","WestSomerville","White",59.8,39.2,55.7,22186,"White"
2022,"02740120","WinterHill","American Indian or Alaska Native",0,0.1,0.2,0,"AIAN"
2022,"02740120","WinterHill","Asian",4.8,5.7,7.2,2006,"Asian"
2022,"02740120","WinterHill","Black or African American",11.5,9.2,9.3,4807,"Black"
2022,"02740120","WinterHill","Hispanic or Latino",51.2,40.9,23.1,21402,"Latinx"
2022,"02740120","WinterHill","Multi-Race, Not Hispanic or Latino",1.7,4.6,4.3,711,"Multi-Race"
2022,"02740120","WinterHill","Native Hawaiian or Other Pacific Islander",0.2,0.2,0.1,84,"NHPI"
2022,"02740120","WinterHill","White",30.6,39.2,55.7,12791,"White"
2023,"02740075","Healey","American Indian or Alaska Native",0.2,0.1,0.2,101,"AIAN"
2023,"02740075","Healey","Asian",3,5.6,7.3,1518,"Asian"
2023,"02740075","Healey","Black or African American",15,8.3,9.4,7590,"Black"
2023,"02740075","Healey","Hispanic or Latino",49.6,41.2,24.2,25098,"Latinx"
2023,"02740075","Healey","Multi-Race, Not Hispanic or Latino",4,5.5,4.4,2024,"Multi-Race"
2023,"02740075","Healey","Native Hawaiian or Other Pacific Islander",0.2,0.2,0.1,101,"NHPI"
2023,"02740075","Healey","White",28.1,39.1,54.4,14219,"White"
2023,"02740087","Argenziano","American Indian or Alaska Native",0.4,0.1,0.2,218,"AIAN"
2023,"02740087","Argenziano","Asian",7.4,5.6,7.3,4026,"Asian"
2023,"02740087","Argenziano","Black or African American",5.1,8.3,9.4,2774,"Black"
2023,"02740087","Argenziano","Hispanic or Latino",35.7,41.2,24.2,19421,"Latinx"
2023,"02740087","Argenziano","Multi-Race, Not Hispanic or Latino",6.8,5.5,4.4,3699,"Multi-Race"
2023,"02740087","Argenziano","Native Hawaiian or Other Pacific Islander",0.2,0.2,0.1,109,"NHPI"
2023,"02740087","Argenziano","White",44.5,39.1,54.4,24208,"White"
2023,"02740015","Brown","American Indian or Alaska Native",0,0.1,0.2,0,"AIAN"
2023,"02740015","Brown","Asian",9.5,5.6,7.3,2004,"Asian"
2023,"02740015","Brown","Black or African American",6.6,8.3,9.4,1393,"Black"
2023,"02740015","Brown","Hispanic or Latino",7.1,41.2,24.2,1498,"Latinx"
2023,"02740015","Brown","Multi-Race, Not Hispanic or Latino",16.6,5.5,4.4,3503,"Multi-Race"
2023,"02740015","Brown","Native Hawaiian or Other Pacific Islander",0,0.2,0.1,0,"NHPI"
2023,"02740015","Brown","White",60.2,39.1,54.4,12702,"White"
2023,"02740083","Kennedy","American Indian or Alaska Native",0.2,0.1,0.2,88,"AIAN"
2023,"02740083","Kennedy","Asian",6.8,5.6,7.3,2992,"Asian"
2023,"02740083","Kennedy","Black or African American",4.3,8.3,9.4,1892,"Black"
2023,"02740083","Kennedy","Hispanic or Latino",14.5,41.2,24.2,6380,"Latinx"
2023,"02740083","Kennedy","Multi-Race, Not Hispanic or Latino",6.6,5.5,4.4,2904,"Multi-Race"
2023,"02740083","Kennedy","Native Hawaiian or Other Pacific Islander",0,0.2,0.1,0,"NHPI"
2023,"02740083","Kennedy","White",67.5,39.1,54.4,29700,"White"
2023,"02740111","EastSomerville","American Indian or Alaska Native",0,0.1,0.2,0,"AIAN"
2023,"02740111","EastSomerville","Asian",4.9,5.6,7.3,3572,"Asian"
2023,"02740111","EastSomerville","Black or African American",4.8,8.3,9.4,3499,"Black"
2023,"02740111","EastSomerville","Hispanic or Latino",66.8,41.2,24.2,48697,"Latinx"
2023,"02740111","EastSomerville","Multi-Race, Not Hispanic or Latino",2.6,5.5,4.4,1895,"Multi-Race"
2023,"02740111","EastSomerville","Native Hawaiian or Other Pacific Islander",0.1,0.2,0.1,73,"NHPI"
2023,"02740111","EastSomerville","White",20.7,39.1,54.4,15090,"White"
2023,"02740115","WestSomerville","American Indian or Alaska Native",0,0.1,0.2,0,"AIAN"
2023,"02740115","WestSomerville","Asian",4.9,5.6,7.3,1818,"Asian"
2023,"02740115","WestSomerville","Black or African American",10,8.3,9.4,3710,"Black"
2023,"02740115","WestSomerville","Hispanic or Latino",10,41.2,24.2,3710,"Latinx"
2023,"02740115","WestSomerville","Multi-Race, Not Hispanic or Latino",11.9,5.5,4.4,4415,"Multi-Race"
2023,"02740115","WestSomerville","Native Hawaiian or Other Pacific Islander",0.5,0.2,0.1,186,"NHPI"
2023,"02740115","WestSomerville","White",62.8,39.1,54.4,23299,"White"
2023,"02740120","WinterHill","American Indian or Alaska Native",0,0.1,0.2,0,"AIAN"
2023,"02740120","WinterHill","Asian",4.5,5.6,7.3,1899,"Asian"
2023,"02740120","WinterHill","Black or African American",9.5,8.3,9.4,4009,"Black"
2023,"02740120","WinterHill","Hispanic or Latino",49.3,41.2,24.2,20805,"Latinx"
2023,"02740120","WinterHill","Multi-Race, Not Hispanic or Latino",4,5.5,4.4,1688,"Multi-Race"
2023,"02740120","WinterHill","Native Hawaiian or Other Pacific Islander",0.2,0.2,0.1,84,"NHPI"
2023,"02740120","WinterHill","White",32.5,39.1,54.4,13715,"White"
2024,"02740075","Healey","American Indian or Alaska Native",0.4,0.1,0.2,194,"AIAN"
2024,"02740075","Healey","Asian",2.7,5.9,7.4,1312,"Asian"
2024,"02740075","Healey","Black or African American",13.8,8.3,9.6,6707,"Black"
2024,"02740075","Healey","Hispanic or Latino",51,40.4,25.1,24786,"Latinx"
2024,"02740075","Healey","Multi-Race, Not Hispanic or Latino",4.5,6.2,4.5,2187,"Multi-Race"
2024,"02740075","Healey","Native Hawaiian or Other Pacific Islander",0.2,0.2,0.1,97,"NHPI"
2024,"02740075","Healey","White",27.4,38.8,53,13316,"White"
2024,"02740087","Argenziano","American Indian or Alaska Native",0.4,0.1,0.2,226,"AIAN"
2024,"02740087","Argenziano","Asian",7.4,5.9,7.4,4174,"Asian"
2024,"02740087","Argenziano","Black or African American",5,8.3,9.6,2820,"Black"
2024,"02740087","Argenziano","Hispanic or Latino",34.6,40.4,25.1,19514,"Latinx"
2024,"02740087","Argenziano","Multi-Race, Not Hispanic or Latino",8.3,6.2,4.5,4681,"Multi-Race"
2024,"02740087","Argenziano","Native Hawaiian or Other Pacific Islander",0.2,0.2,0.1,113,"NHPI"
2024,"02740087","Argenziano","White",44.1,38.8,53,24872,"White"
2024,"02740015","Brown","American Indian or Alaska Native",0,0.1,0.2,0,"AIAN"
2024,"02740015","Brown","Asian",8,5.9,7.4,1800,"Asian"
2024,"02740015","Brown","Black or African American",6.7,8.3,9.6,1508,"Black"
2024,"02740015","Brown","Hispanic or Latino",6.7,40.4,25.1,1508,"Latinx"
2024,"02740015","Brown","Multi-Race, Not Hispanic or Latino",18.2,6.2,4.5,4095,"Multi-Race"
2024,"02740015","Brown","Native Hawaiian or Other Pacific Islander",0,0.2,0.1,0,"NHPI"
2024,"02740015","Brown","White",60.4,38.8,53,13590,"White"
2024,"02740083","Kennedy","American Indian or Alaska Native",0.2,0.1,0.2,90,"AIAN"
2024,"02740083","Kennedy","Asian",6.3,5.9,7.4,2822,"Asian"
2024,"02740083","Kennedy","Black or African American",4.2,8.3,9.6,1882,"Black"
2024,"02740083","Kennedy","Hispanic or Latino",13.4,40.4,25.1,6003,"Latinx"
2024,"02740083","Kennedy","Multi-Race, Not Hispanic or Latino",8,6.2,4.5,3584,"Multi-Race"
2024,"02740083","Kennedy","Native Hawaiian or Other Pacific Islander",0.2,0.2,0.1,90,"NHPI"
2024,"02740083","Kennedy","White",67.6,38.8,53,30285,"White"
2024,"02740111","EastSomerville","American Indian or Alaska Native",0,0.1,0.2,0,"AIAN"
2024,"02740111","EastSomerville","Asian",5.7,5.9,7.4,4235,"Asian"
2024,"02740111","EastSomerville","Black or African American",5.9,8.3,9.6,4384,"Black"
2024,"02740111","EastSomerville","Hispanic or Latino",65.5,40.4,25.1,48666,"Latinx"
2024,"02740111","EastSomerville","Multi-Race, Not Hispanic or Latino",3,6.2,4.5,2229,"Multi-Race"
2024,"02740111","EastSomerville","Native Hawaiian or Other Pacific Islander",0.1,0.2,0.1,74,"NHPI"
2024,"02740111","EastSomerville","White",19.8,38.8,53,14711,"White"
2024,"02740115","WestSomerville","American Indian or Alaska Native",0,0.1,0.2,0,"AIAN"
2024,"02740115","WestSomerville","Asian",6.1,5.9,7.4,2306,"Asian"
2024,"02740115","WestSomerville","Black or African American",10.1,8.3,9.6,3818,"Black"
2024,"02740115","WestSomerville","Hispanic or Latino",9.8,40.4,25.1,3704,"Latinx"
2024,"02740115","WestSomerville","Multi-Race, Not Hispanic or Latino",13.2,6.2,4.5,4990,"Multi-Race"
2024,"02740115","WestSomerville","Native Hawaiian or Other Pacific Islander",0.5,0.2,0.1,189,"NHPI"
2024,"02740115","WestSomerville","White",60.3,38.8,53,22793,"White"
2024,"02740120","WinterHill","American Indian or Alaska Native",0,0.1,0.2,0,"AIAN"
2024,"02740120","WinterHill","Asian",5,5.9,7.4,2015,"Asian"
2024,"02740120","WinterHill","Black or African American",9.2,8.3,9.6,3708,"Black"
2024,"02740120","WinterHill","Hispanic or Latino",45.4,40.4,25.1,18296,"Latinx"
2024,"02740120","WinterHill","Multi-Race, Not Hispanic or Latino",3.7,6.2,4.5,1491,"Multi-Race"
2024,"02740120","WinterHill","Native Hawaiian or Other Pacific Islander",0.2,0.2,0.1,81,"NHPI"
2024,"02740120","WinterHill","White",36.5,38.8,53,14710,"White"
2025,"02740075","Healey","American Indian or Alaska Native",0.2,0.1,0.2,96,"AIAN"
2025,"02740075","Healey","Asian",3.3,6.2,7.5,1591,"Asian"
2025,"02740075","Healey","Black or African American",14.5,8.6,10.2,6989,"Black"
2025,"02740075","Healey","Hispanic or Latino",48.3,40,25.9,23281,"Latinx"
2025,"02740075","Healey","Multi-Race, Not Hispanic or Latino",4.8,6.7,4.6,2314,"Multi-Race"
2025,"02740075","Healey","Native Hawaiian or Other Pacific Islander",0.2,0.2,0.1,96,"NHPI"
2025,"02740075","Healey","White",28.6,38.2,51.5,13785,"White"
2025,"02740087","Argenziano","American Indian or Alaska Native",0.4,0.1,0.2,221,"AIAN"
2025,"02740087","Argenziano","Asian",7.2,6.2,7.5,3982,"Asian"
2025,"02740087","Argenziano","Black or African American",3.8,8.6,10.2,2101,"Black"
2025,"02740087","Argenziano","Hispanic or Latino",35.1,40,25.9,19410,"Latinx"
2025,"02740087","Argenziano","Multi-Race, Not Hispanic or Latino",8.9,6.7,4.6,4922,"Multi-Race"
2025,"02740087","Argenziano","Native Hawaiian or Other Pacific Islander",0.4,0.2,0.1,221,"NHPI"
2025,"02740087","Argenziano","White",44.3,38.2,51.5,24498,"White"
2025,"02740015","Brown","American Indian or Alaska Native",0,0.1,0.2,0,"AIAN"
2025,"02740015","Brown","Asian",6.4,6.2,7.5,1402,"Asian"
2025,"02740015","Brown","Black or African American",7.8,8.6,10.2,1708,"Black"
2025,"02740015","Brown","Hispanic or Latino",6.4,40,25.9,1402,"Latinx"
2025,"02740015","Brown","Multi-Race, Not Hispanic or Latino",14.6,6.7,4.6,3197,"Multi-Race"
2025,"02740015","Brown","Native Hawaiian or Other Pacific Islander",0.5,0.2,0.1,110,"NHPI"
2025,"02740015","Brown","White",64.4,38.2,51.5,14104,"White"
2025,"02740083","Kennedy","American Indian or Alaska Native",0.2,0.1,0.2,88,"AIAN"
2025,"02740083","Kennedy","Asian",7.3,6.2,7.5,3205,"Asian"
2025,"02740083","Kennedy","Black or African American",3.2,8.6,10.2,1405,"Black"
2025,"02740083","Kennedy","Hispanic or Latino",12.8,40,25.9,5619,"Latinx"
2025,"02740083","Kennedy","Multi-Race, Not Hispanic or Latino",11.2,6.7,4.6,4917,"Multi-Race"
2025,"02740083","Kennedy","Native Hawaiian or Other Pacific Islander",0,0.2,0.1,0,"NHPI"
2025,"02740083","Kennedy","White",65.4,38.2,51.5,28711,"White"
2025,"02740111","EastSomerville","American Indian or Alaska Native",0,0.1,0.2,0,"AIAN"
2025,"02740111","EastSomerville","Asian",5.8,6.2,7.5,4333,"Asian"
2025,"02740111","EastSomerville","Black or African American",6.3,8.6,10.2,4706,"Black"
2025,"02740111","EastSomerville","Hispanic or Latino",66.3,40,25.9,49526,"Latinx"
2025,"02740111","EastSomerville","Multi-Race, Not Hispanic or Latino",3.3,6.7,4.6,2465,"Multi-Race"
2025,"02740111","EastSomerville","Native Hawaiian or Other Pacific Islander",0.1,0.2,0.1,75,"NHPI"
2025,"02740111","EastSomerville","White",18.2,38.2,51.5,13595,"White"
2025,"02740115","WestSomerville","American Indian or Alaska Native",0,0.1,0.2,0,"AIAN"
2025,"02740115","WestSomerville","Asian",7.3,6.2,7.5,2898,"Asian"
2025,"02740115","WestSomerville","Black or African American",10.8,8.6,10.2,4288,"Black"
2025,"02740115","WestSomerville","Hispanic or Latino",9.8,40,25.9,3891,"Latinx"
2025,"02740115","WestSomerville","Multi-Race, Not Hispanic or Latino",12.3,6.7,4.6,4883,"Multi-Race"
2025,"02740115","WestSomerville","Native Hawaiian or Other Pacific Islander",0.5,0.2,0.1,198,"NHPI"
2025,"02740115","WestSomerville","White",59.2,38.2,51.5,23502,"White"
2025,"02740120","WinterHill","American Indian or Alaska Native",0,0.1,0.2,0,"AIAN"
2025,"02740120","WinterHill","Asian",6.2,6.2,7.5,2406,"Asian"
2025,"02740120","WinterHill","Black or African American",10.1,8.6,10.2,3919,"Black"
2025,"02740120","WinterHill","Hispanic or Latino",47.9,40,25.9,18585,"Latinx"
2025,"02740120","WinterHill","Multi-Race, Not Hispanic or Latino",3.1,6.7,4.6,1203,"Multi-Race"
2025,"02740120","WinterHill","Native Hawaiian or Other Pacific Islander",0.3,0.2,0.1,116,"NHPI"
2025,"02740120","WinterHill","White",32.5,38.2,51.5,12610,"White"
